[{"testName":"userAndStudySetTest()","points":0,"isSuccessful":false,"errorMessage":"javax.persistence.PersistenceException: org.hibernate.exception.GenericJDBCException: could not extract ResultSet","tier":2},{"testName":"JoinTest()","points":0,"isSuccessful":false,"errorMessage":"javax.persistence.PersistenceException: org.hibernate.exception.GenericJDBCException: could not extract ResultSet","tier":2},{"testName":"basicUserTest()","points":0,"isSuccessful":false,"errorMessage":"javax.persistence.PersistenceException: org.hibernate.exception.GenericJDBCException: could not extract ResultSet","tier":2},{"testName":"insertPremUserTest()","points":0,"isSuccessful":false,"errorMessage":"org.opentest4j.AssertionFailedError: expected: ^1^ but was: ^2^","tier":2}]