[{"testName":"stringEqualityTest()","points":0,"isSuccessful":false,"errorMessage":"org.opentest4j.AssertionFailedError: expected: ^true^ but was: ^false^","tier":1},{"testName":"classModelTest()","points":0,"isSuccessful":false,"errorMessage":"org.opentest4j.AssertionFailedError: expected: ^0^ but was: ^6^","tier":1},{"testName":"sumOverArrayTest()","points":0,"isSuccessful":false,"errorMessage":"org.opentest4j.AssertionFailedError: expected: not equal but was: ^0^","tier":1},{"testName":"powerSumTest()","points":0,"isSuccessful":false,"errorMessage":"org.opentest4j.AssertionFailedError: expected: ^true^ but was: ^false^","tier":1}]