[{"testName":"connectionTest()","points":0,"isSuccessful":false,"errorMessage":"org.opentest4j.AssertionFailedError","tier":3},{"testName":"testConnection()","points":0,"isSuccessful":false,"errorMessage":"org.opentest4j.AssertionFailedError: expected: not ^null^","tier":4},{"testName":"testImplementation()","points":0,"isSuccessful":false,"errorMessage":"org.opentest4j.AssertionFailedError","tier":4},{"testName":"testServletInWebXml()","points":0,"isSuccessful":false,"errorMessage":"org.opentest4j.AssertionFailedError: expected: ^true^ but was: ^false^","tier":6},{"testName":"testClasses()","points":0,"isSuccessful":false,"errorMessage":"org.opentest4j.AssertionFailedError","tier":4},{"testName":"testContent()","points":0,"isSuccessful":false,"errorMessage":"org.opentest4j.AssertionFailedError","tier":5},{"testName":"absoluteFunTest()","points":0,"isSuccessful":false,"errorMessage":"org.opentest4j.AssertionFailedError: expected: ^100^ but was: ^-100^","tier":4},{"testName":"testSequence()","points":0,"isSuccessful":false,"errorMessage":"org.opentest4j.AssertionFailedError","tier":3},{"testName":"test1()","points":0,"isSuccessful":false,"errorMessage":"org.opentest4j.AssertionFailedError: expected: ^true^ but was: ^false^","tier":6},{"testName":"test2()","points":0,"isSuccessful":false,"errorMessage":"org.opentest4j.AssertionFailedError","tier":6},{"testName":"testScriptTags()","points":0,"isSuccessful":false,"errorMessage":"org.opentest4j.AssertionFailedError: expected: ^true^ but was: ^false^","tier":5},{"testName":"testCarousel()","points":0,"isSuccessful":false,"errorMessage":"org.opentest4j.AssertionFailedError","tier":5},{"testName":"erdTest()","points":0,"isSuccessful":false,"errorMessage":"org.opentest4j.AssertionFailedError","tier":3},{"testName":"testAjax()","points":0,"isSuccessful":false,"errorMessage":"org.opentest4j.AssertionFailedError","tier":5}]